{"cameraMode":{"drawMode":0,"name":"Shaded","section":"Shading Mode"},"sceneLighting":true,"audioPlay":false,"sceneViewState":{"m_AlwaysRefresh":false,"showFog":true,"showSkybox":true,"showFlares":true,"showImageEffects":true,"showParticleSystems":true,"showVisualEffectGraphs":true,"m_FxEnabled":true},"in2DMode":false,"pivot":{"x":619.951904296875,"y":166.46900939941407,"z":-180.88796997070313},"rotation":{"x":0.013187672942876816,"y":-0.01890043541789055,"z":-0.00024895809474401176,"w":-0.9997385740280151},"size":139.0900115966797,"orthographic":false}